title,bid,opening,ending,extract_dt
Veículo CHEVROLET CELTA HATCH LIFE,"R$ 4.200,00",03/09/2021,08/10/2021 10:00:00,02/10/2021 04:09:23
150 Calças Jeans Infantis,"R$ 4.500,00",03/09/2021,08/10/2021 11:00:00,02/10/2021 04:09:23
Imóvel Comercial 225 m² - Ipiranga - Ribeirão Preto/SP,"R$ 87.331,77",03/09/2021,08/10/2021 13:00:00,02/10/2021 04:09:23
Apartamento 128 m² - Pompéia - São Paulo/SP,"R$ 205.958,40",31/08/2021,05/10/2021 13:00:00,02/10/2021 04:09:23
Casa 51 m² - Alto da Ponte - São José dos Campos/SP,"R$ 175.532,48",07/09/2021,05/10/2021 13:00:00,02/10/2021 04:09:23
Motocicleta HONDA NXR 150 BROS ESD,"R$ 8.225,00",05/10/2021,08/10/2021 10:00:00,02/10/2021 04:09:24
Casa 150 m² - Jardim Morumbi - Bragança Paulista/SP,"R$ 207.762,90",04/10/2021,07/10/2021 13:30:00,02/10/2021 04:09:24
Apartamento em São Caetano do Sul / SP,"R$ 373.087,00",04/10/2021,07/10/2021 13:00:00,02/10/2021 04:09:24
Casa 200 m² - Parque Residencial Universo - São José do Rio Preto/SP,"R$ 166.095,15",30/08/2021,04/10/2021 13:30:00,02/10/2021 04:09:24
Terreno 180 m² - Jardim Progresso - Cosmorama/SP,"R$ 32.955,79",04/10/2021,07/10/2021 13:00:00,02/10/2021 04:09:24
Apartamento 48 m² - Vila Leopoldina - São Paulo/SP,"R$ 262.350,63",01/10/2021,04/10/2021 13:00:00,02/10/2021 04:09:24
Apartamento 46 m² - Jardim Umuarama - Itanhaém/SP,"R$ 34.583,93",01/10/2021,04/10/2021 14:00:00,02/10/2021 04:09:24
"Terreno 9.557,00 m² - Santa Cruz - Conchas/SP","R$ 7.054.305,50",01/10/2021,04/10/2021 13:01:00,02/10/2021 04:09:24
"Chácara 2,3545 ha - Chácara São José - Sertãozinho/SP","R$ 388.889,53",05/10/2021,08/10/2021 13:00:00,02/10/2021 04:09:24
Casa 345 m² - Vila Virginia - Ribeirão Preto/SP,"R$ 201.293,28",02/09/2021,07/10/2021 13:00:00,02/10/2021 04:09:24
Apartamento 46 m² - Vila Pomar - Mogi das Cruzes/SP,"R$ 148.833,63",01/10/2021,04/10/2021 14:00:00,02/10/2021 04:09:25
"Terreno 4.970,00 m² - Santa Cruz - Conchas/SP","R$ 6.521.759,50",01/10/2021,04/10/2021 13:00:00,02/10/2021 04:09:25
Casa 285 m² - Jardim Valparaíba - São José dos Campos/SP,"R$ 236.978,11",27/09/2021,18/10/2021 14:00:00,02/10/2021 04:09:26
Casa 119 m² - Vila Industrial - Sertãozinho/SP,"R$ 47.567,91",12/10/2021,15/10/2021 14:01:00,02/10/2021 04:09:26
Casa 74 m² - Jardim Vitória - Sertãozinho/SP,"R$ 174.714,81",12/10/2021,15/10/2021 14:00:00,02/10/2021 04:09:26
Veículo CHEVROLET CORSA WIND,"R$ 6.800,00",15/10/2021,18/10/2021 09:30:00,02/10/2021 04:09:26
Uma Máquina Hidráulica - Marca Delta,"R$ 22.000,00",15/10/2021,18/10/2021 10:30:00,02/10/2021 04:09:27
Motocicleta HONDA FAN125,"R$ 2.500,00",15/10/2021,18/10/2021 11:30:00,02/10/2021 04:09:27
Terreno 377 m² - Jardim Nova Bragança - Bragança Paulista/SP,"R$ 187.257,13",15/10/2021,18/10/2021 13:00:00,02/10/2021 04:09:27
Casa - Centro - Sertãozinho/SP,"R$ 17.239,80",12/10/2021,15/10/2021 13:00:00,02/10/2021 04:09:27
Apartamento 411 m² - Santo Amaro - São Paulo/SP,"R$ 568.556,46",10/09/2021,15/10/2021 14:00:00,02/10/2021 04:09:27
Veículo VOLKSWAGEN GOL 1.0,"R$ 6.000,00",12/10/2021,15/10/2021 11:00:00,02/10/2021 04:09:27
Casa 100 m² - Recanto Elisabeth - Bragança Paulista/SP,"R$ 228.000,00",12/10/2021,15/10/2021 14:00:00,02/10/2021 04:09:28
Veículo NISSAN X TRAIL SE,"R$ 56.000,00",12/10/2021,15/10/2021 10:00:00,02/10/2021 04:09:28
Veículo CHEVROLET ONIX 1.4 AT LT,"R$ 49.228,54",12/10/2021,15/10/2021 12:00:00,02/10/2021 04:09:28
"aprox. 886,70  metros de tecidos de algodão em rolos","R$ 5.900,00",30/09/2021,18/10/2021 11:44:00,02/10/2021 04:09:28
Casa - Vila Monteiro - São Simão/SP,"R$ 40.134,82",12/10/2021,15/10/2021 13:30:00,02/10/2021 04:09:28
mobiliários diversos,"R$ 80,00",23/09/2021,15/10/2021 11:20:00,02/10/2021 04:09:28
06 poltronas para hidratação,"R$ 80,00",23/09/2021,15/10/2021 11:22:00,02/10/2021 04:09:28
Terreno 1.086 m² - Rod. Raposo Tavares - Araçoiaba da Serra/SP,"R$ 317.293,90",12/10/2021,15/10/2021 13:45:00,02/10/2021 04:09:29
"aprox. 99,70 metros de tecidos seda em rolos","R$ 2.000,00",30/09/2021,18/10/2021 11:46:00,02/10/2021 04:09:29
Veículo TOYOTA COROLLA XLI 1.6 16V VT,"R$ 23.666,00",26/10/2021,29/10/2021 12:00:00,02/10/2021 04:09:29
camas e poltronas,"R$ 100,00",23/09/2021,15/10/2021 11:18:00,02/10/2021 04:09:29
"Porção de Terras 5,44 ha - Itápolis/SP","R$ 630.182,10",26/10/2021,29/10/2021 13:00:00,02/10/2021 04:09:29
fogão de 04 bocas,"R$ 80,00",23/09/2021,15/10/2021 11:46:00,02/10/2021 04:09:30
14 cadeiras fixas estofadas,"R$ 280,00",23/09/2021,15/10/2021 11:44:00,02/10/2021 04:09:30
"aprox. 342,10 metros de tecidos diversos em rolos","R$ 2.700,00",30/09/2021,18/10/2021 12:08:00,02/10/2021 04:09:30
"aprox. 283,40 metros de tecidos de algodão em rolos","R$ 2.200,00",30/09/2021,18/10/2021 12:06:00,02/10/2021 04:09:30
"aprox. 427,25 metros de tecidos de algodão em rolos","R$ 3.700,00",30/09/2021,18/10/2021 12:10:00,02/10/2021 04:09:30
poltrona na cor preta,"R$ 50,00",23/09/2021,15/10/2021 12:10:00,02/10/2021 04:09:31
Motocicleta YAMAHA FAZER 250 BLUEFLEX,"R$ 7.660,80",27/09/2021,04/11/2021 11:00:00,02/10/2021 04:09:31
Apartamento 56 m² - Butantã - São Paulo/SP,"R$ 159.821,25",27/09/2021,04/11/2021 14:00:00,02/10/2021 04:09:31
maca hospitalar de transporte,"R$ 120,00",23/09/2021,15/10/2021 12:06:00,02/10/2021 04:09:31
Apartamento 45 m² - Caguaçú - Sorocaba/SP,"R$ 100.970,77",24/09/2021,29/10/2021 13:00:00,02/10/2021 04:09:31
Apartamento 58 m² - Conceição - Diadema/SP,"R$ 238.059,36",01/11/2021,04/11/2021 13:00:00,02/10/2021 04:09:31
Casa 213 m² - Jardim Giuliani - São José do Rio Preto/SP,"R$ 216.792,22",01/11/2021,04/11/2021 13:45:00,02/10/2021 04:09:32
Terreno 5.000 m² - Chácara de Recreio Campos Elíseos - Pardinho/SP,"R$ 124.017,70",01/11/2021,04/11/2021 14:02:00,02/10/2021 04:09:32
maca e chassi,"R$ 150,00",23/09/2021,15/10/2021 12:08:00,02/10/2021 04:09:32
Terreno 5.000 m² - Chácara de Recreio Campos Elíseos - Pardinho/SP,"R$ 124.017,70",01/11/2021,04/11/2021 14:01:00,02/10/2021 04:09:32
Terreno 5.000 m² - Chácara de Recreio Campos Elíseos - Pardinho/SP,"R$ 161.035,38",01/11/2021,04/11/2021 14:00:00,02/10/2021 04:09:32
14 mesas diversas,"R$ 120,00",23/09/2021,15/10/2021 12:30:00,02/10/2021 04:09:32
07 macas para ambulatório,"R$ 180,00",23/09/2021,15/10/2021 12:28:00,02/10/2021 04:09:32
Veículo VOLKSWAGEN GOL 1.0,"R$ 22.200,00",01/11/2021,04/11/2021 12:00:00,02/10/2021 04:09:32
02 sofás tipo camas,"R$ 80,00",23/09/2021,15/10/2021 12:34:00,02/10/2021 04:09:33
cama hospitalar marcmil,"R$ 240,00",23/09/2021,15/10/2021 12:26:00,02/10/2021 04:09:33
Motocicleta SUZUKI BANDIT 1250,"R$ 20.600,00",01/11/2021,04/11/2021 11:00:00,02/10/2021 04:09:33
"aprox. 537,30 metros de tecidos de algodão em rolos","R$ 3.500,00",30/09/2021,18/10/2021 12:18:00,02/10/2021 04:09:33
"Gleba de Terra 34,60 ha - Fazenda Ressaca - Nuporanga/SP","R$ 2.423.201,25",02/11/2021,05/11/2021 14:00:00,02/10/2021 04:09:33
06 macas para ambulatórios,"R$ 100,00",23/09/2021,15/10/2021 12:32:00,02/10/2021 04:09:33
02 carrinhos auxiliares para procedimentos,"R$ 80,00",23/09/2021,15/10/2021 12:58:00,02/10/2021 04:09:34
berço hospitalar,"R$ 100,00",23/09/2021,15/10/2021 12:24:00,02/10/2021 04:09:34
"aprox. 35 equiptos hospitalares , laboratório e outros","R$ 850,00",23/09/2021,15/10/2021 12:54:00,02/10/2021 04:09:34
cama hospitalar infantil,"R$ 100,00",23/09/2021,15/10/2021 12:22:00,02/10/2021 04:09:34
rack móvel para informática,"R$ 100,00",23/09/2021,15/10/2021 12:56:00,02/10/2021 04:09:34
geladeira e bebedouros,"R$ 250,00",23/09/2021,15/10/2021 12:52:00,02/10/2021 04:09:34
Casa 192 m² - Vila Tibério - Ribeirão Preto/SP,"R$ 29.510,00",10/12/2021,13/12/2021 10:00:00,02/10/2021 04:09:34
cama hospitalar elétrica,"R$ 190,00",23/09/2021,15/10/2021 12:50:00,02/10/2021 04:09:35
Braço Giratório de Elevação de Carga,"R$ 13.200,00",11/10/2021,18/11/2021 09:30:00,02/10/2021 04:09:35
cama hospitalar em aço,"R$ 140,00",23/09/2021,15/10/2021 12:48:00,02/10/2021 04:09:35
incubadora infantil fanem,"R$ 370,00",23/09/2021,15/10/2021 13:22:00,02/10/2021 04:09:35
Imóvel Comercial 275 m² - Bonfim Paulista - Ribeirão Preto/SP,"R$ 403.087,90",10/12/2021,13/12/2021 10:01:00,02/10/2021 04:09:35
Veículo VOLKSWAGEN FOX PLUS 1.6,"R$ 9.479,50",02/11/2021,10/12/2021 11:00:00,02/10/2021 04:09:35
Terreno 38 ha - Campininha - Atibaia/SP,"R$ 16.557.455,00",05/11/2021,06/03/2022 13:00:00,02/10/2021 04:09:35
maca hospitalar de transporte,"R$ 120,00",23/09/2021,15/10/2021 12:46:00,02/10/2021 04:09:35
geladeira doméstica electrolux,"R$ 120,00",23/09/2021,15/10/2021 13:16:00,02/10/2021 04:09:35
incubadora infantil fanem,"R$ 270,00",23/09/2021,15/10/2021 13:20:00,02/10/2021 04:09:36
cadeira de rodas,"R$ 100,00",23/09/2021,15/10/2021 13:10:00,02/10/2021 04:09:36
Apartamento 44 m² - Recreio dos Sorocabanos - Sorocaba/SP,"R$ 35.740,89",05/11/2021,13/12/2021 13:30:00,02/10/2021 04:09:36
coluna para foco de luz,"R$ 80,00",23/09/2021,15/10/2021 13:18:00,02/10/2021 04:09:36
Área de Terra 181.092 m² - Rod. dos Bandeirantes - Campinas/SP,"R$ 27.456.090,00",03/01/2022,06/01/2022 14:00:00,02/10/2021 04:09:36
chapeira e amaciador de bifes,"R$ 250,00",23/09/2021,15/10/2021 13:14:00,02/10/2021 04:09:36
cama hospitalar elétrica,"R$ 210,00",23/09/2021,15/10/2021 12:44:00,02/10/2021 04:09:36
fogão doméstico de 06 bocas,"R$ 100,00",23/09/2021,15/10/2021 13:12:00,02/10/2021 04:09:36
unidade de cuidado intensivo,"R$ 120,00",23/09/2021,15/10/2021 13:08:00,02/10/2021 04:09:36
13 cadeiras com estruturas cromadas,"R$ 300,00",23/09/2021,15/10/2021 12:42:00,02/10/2021 04:09:36
09 cadeiras diversas,"R$ 100,00",23/09/2021,15/10/2021 12:40:00,02/10/2021 04:09:36
carrinhos de inox e equipto para fisioterapia,"R$ 150,00",23/09/2021,15/10/2021 12:38:00,02/10/2021 04:09:37
compressor de laboratório fanem,"R$ 120,00",23/09/2021,15/10/2021 13:04:00,02/10/2021 04:09:37
cama hospitalar,"R$ 220,00",23/09/2021,15/10/2021 13:44:00,02/10/2021 04:09:37
equipamento para fototerapia infantil,"R$ 100,00",23/09/2021,15/10/2021 13:06:00,02/10/2021 04:09:37
"foco, mesas, suporte e outros","R$ 80,00",23/09/2021,15/10/2021 13:40:00,02/10/2021 04:09:37
03 macas para ambulatórios,"R$ 80,00",23/09/2021,15/10/2021 13:42:00,02/10/2021 04:09:37
02 colunas oftalmológicas,"R$ 220,00",23/09/2021,15/10/2021 13:02:00,02/10/2021 04:09:37
geladeira domestica continental,"R$ 180,00",23/09/2021,15/10/2021 13:38:00,02/10/2021 04:09:37
luminárias para raios x e focos de luzes,"R$ 100,00",23/09/2021,15/10/2021 13:32:00,02/10/2021 04:09:37
16 cadeiras diversas,"R$ 150,00",23/09/2021,15/10/2021 13:34:00,02/10/2021 04:09:37
equipamento para ultrasom,"R$ 1.300,00",23/09/2021,15/10/2021 13:00:00,02/10/2021 04:09:38
07 longarinas diversas,"R$ 100,00",23/09/2021,15/10/2021 12:36:00,02/10/2021 04:09:38
07 macas para ambulatório,"R$ 120,00",23/09/2021,15/10/2021 13:26:00,02/10/2021 04:09:38
02 lavadoras domésticas de roupas,"R$ 150,00",23/09/2021,15/10/2021 13:46:00,02/10/2021 04:09:38
cadeira de rodas,"R$ 120,00",23/09/2021,15/10/2021 13:36:00,02/10/2021 04:09:38
02 lavadoras domésticas de roupas,"R$ 150,00",23/09/2021,15/10/2021 13:30:00,02/10/2021 04:09:38
21 arquivos de aço,"R$ 250,00",23/09/2021,15/10/2021 13:28:00,02/10/2021 04:09:38
rack para informática,"R$ 80,00",23/09/2021,15/10/2021 13:24:00,02/10/2021 04:09:39
05 longarinas diversas,"R$ 100,00",23/09/2021,15/10/2021 14:04:00,02/10/2021 04:09:39
Prédio Residencial 230 m² - Vila Recreio - Ribeirão Preto/SP,"R$ 586.352,60",29/11/2021,02/12/2021 13:00:00,02/10/2021 04:09:39
03 mesas ginecológicas,"R$ 140,00",23/09/2021,15/10/2021 14:02:00,02/10/2021 04:09:40
Apartamento em Brotas / SP,"R$ 99.000,00",27/07/2021,27/11/2021 13:00:00,02/10/2021 04:09:40
Apartamento 130 m² - Vila Andrade - São Paulo/SP,"R$ 328.364,40",01/11/2021,09/12/2021 13:30:00,02/10/2021 04:09:40
cama hospitalar,"R$ 100,00",23/09/2021,15/10/2021 14:00:00,02/10/2021 04:09:40
Casa 200 m² - Quintino Facci II - Ribeirão Preto/SP,"R$ 76.992,98",29/11/2021,02/12/2021 13:30:00,02/10/2021 04:09:40
Casa 593 m² - Rio Abaixo - Atibaia/SP,"R$ 566.921,80",29/10/2021,06/12/2021 14:00:00,02/10/2021 04:09:40
rack para informática,"R$ 80,00",23/09/2021,15/10/2021 13:58:00,02/10/2021 04:09:40
02 seladoras,"R$ 140,00",23/09/2021,15/10/2021 13:54:00,02/10/2021 04:09:40
mesa ginecológica,"R$ 80,00",23/09/2021,15/10/2021 13:56:00,02/10/2021 04:09:41
Veículo VOLKSWAGEN POLO 1.6,"R$ 24.657,00",19/11/2021,22/11/2021 11:00:00,02/10/2021 04:09:41
Terreno 536 m² - Guaxinduva - Atibaia/SP,"R$ 186.550,16",29/10/2021,06/12/2021 13:00:00,02/10/2021 04:09:41
bebedouro de água,"R$ 120,00",23/09/2021,15/10/2021 13:52:00,02/10/2021 04:09:41
Apartamento 177 m² - Vila Andrade - São Paulo/SP,"R$ 667.360,63",22/10/2021,29/11/2021 13:00:00,02/10/2021 04:09:41
transformador de solda,"R$ 150,00",23/09/2021,15/10/2021 13:50:00,02/10/2021 04:09:41
Edifício Comercial 2.335 m² - Centro - Bragança Paulista/SP,"R$ 6.000.000,00",22/10/2021,29/11/2021 13:00:00,02/10/2021 04:09:41
Veículo CHEVROLET PRISMA MAXX,"R$ 10.040,00",15/10/2021,22/11/2021 11:01:00,02/10/2021 04:09:41
cama hospitalar infantil,"R$ 100,00",23/09/2021,15/10/2021 12:20:00,02/10/2021 04:09:41
Veículo CHEVROLET MONZA SL/E EFI,"R$ 5.724,00",19/11/2021,22/11/2021 11:01:00,02/10/2021 04:09:42
Casa 250 m² - Jardim Uirá - São José dos Campos/SP,"R$ 363.168,00",30/10/2021,19/11/2021 13:00:00,02/10/2021 04:09:42
Veículo CHEVROLET CELTA LIFE 2P,"R$ 7.072,50",15/10/2021,22/11/2021 11:00:00,02/10/2021 04:09:42
Apartamento 78 m² - Irajá - Ribeirão Preto/SP,"R$ 123.140,91",15/11/2021,18/11/2021 13:00:00,02/10/2021 04:09:42
cadeira para procedimentos elétrica,"R$ 200,00",23/09/2021,15/10/2021 13:48:00,02/10/2021 04:09:42
maca hospitalar de transporte,"R$ 150,00",23/09/2021,15/10/2021 12:12:00,02/10/2021 04:09:42
maca e chassi,"R$ 140,00",23/09/2021,15/10/2021 12:18:00,02/10/2021 04:09:42
maca hospitalar de transporte,"R$ 120,00",23/09/2021,15/10/2021 12:16:00,02/10/2021 04:09:42
maca hospitalar de transporte,"R$ 180,00",23/09/2021,15/10/2021 12:14:00,02/10/2021 04:09:43
Veículo MITSUBISHI L200 4X4 MMC,"R$ 11.000,00",11/10/2021,18/11/2021 11:00:00,02/10/2021 04:09:43
Apartamento 64 m² - Centro - São José do Rio Preto/SP,"R$ 379.800,78",14/11/2021,17/11/2021 13:31:00,02/10/2021 04:09:43
Veículo VOLKSWAGEN POLO 1.6,"R$ 20.000,00",15/11/2021,18/11/2021 10:00:00,02/10/2021 04:09:43
Casa 200 m² - Vila Penteado - São Paulo/SP,"R$ 630.629,06",12/11/2021,15/11/2021 14:00:00,02/10/2021 04:09:43
Veículo CHEVROLET ASTRA HB2P ADVANTAGE,"R$ 16.850,00",15/11/2021,18/11/2021 11:00:00,02/10/2021 04:09:44
Vaga de Garagem 21 m² - São Miguel Paulista - São Paulo/SP,"R$ 205.786,48",13/11/2021,16/11/2021 13:01:00,02/10/2021 04:09:44
SMART TV PHILIPS 50 POLEGADAS,"R$ 1.200,00",26/10/2021,15/11/2021 10:00:00,02/10/2021 04:09:44
Apartamento 112 m² - Jardim Redentor - São José do Rio Preto/SP,"R$ 516.274,80",14/11/2021,17/11/2021 13:30:00,02/10/2021 04:09:44
Apartamento 43 m² - Jardim Santa Rosa II - Sertãozinho/SP,"R$ 131.890,00",12/11/2021,15/11/2021 13:00:00,02/10/2021 04:09:44
Apartamento 46 m² - São Miguel Paulista - São Paulo/SP,"R$ 205.786,48",13/11/2021,16/11/2021 13:00:00,02/10/2021 04:09:44
Apartamento 38 m² - Vila Popular - São Paulo/SP,"R$ 163.479,00",05/11/2021,08/11/2021 14:00:00,02/10/2021 04:09:44
Gleba de Terras 26 alq - Igarapava/SP,"R$ 635.424,75",09/11/2021,12/11/2021 13:34:00,02/10/2021 04:09:45
Casa 144 m² - Jardim Santa Cristina - Santo André/SP,"R$ 380.955,28",05/11/2021,08/11/2021 13:30:00,02/10/2021 04:09:45
Casa 200 m² - Conj. Hab. São Deocleciano - São José do Rio Preto/SP,"R$ 203.817,95",09/11/2021,12/11/2021 14:00:00,02/10/2021 04:09:45
Apartamento 45 m² - Jardim Marajó - São José do Rio Preto/SP,"R$ 166.229,02",09/11/2021,12/11/2021 14:00:00,02/10/2021 04:09:45
Casa 68 m² - Tatuapé - São Paulo/SP,"R$ 126.172,23",08/11/2021,11/11/2021 14:00:00,02/10/2021 04:09:45
Propriedade Agrícola 30 alq - Igarapava/SP,"R$ 719.348,75",09/11/2021,12/11/2021 13:33:00,02/10/2021 04:09:45
Propriedade Agrícola 19 ha - Pontal/SP,"R$ 402.413,50",09/11/2021,12/11/2021 13:30:00,02/10/2021 04:09:45
Gleba de Terras 7 alq - Igarapava/SP,"R$ 167.848,05",09/11/2021,12/11/2021 13:32:00,02/10/2021 04:09:46
Apartamento 43 m² - Júlio de Mesquita - Sorocaba/SP,"R$ 87.084,22",01/10/2021,05/11/2021 14:00:00,02/10/2021 04:09:46
Apartamento 46 m² - Itaquera - São Paulo/SP,"R$ 267.105,44",08/11/2021,11/11/2021 13:30:00,02/10/2021 04:09:46
Forno Industrial de Fritas Cerâmicas,"R$ 820.000,00",05/11/2021,08/11/2021 10:00:00,02/10/2021 04:09:46
"aprox. 264,60 metros de tecidos de algodão em rolos","R$ 3.100,00",30/09/2021,18/10/2021 12:14:00,02/10/2021 04:09:46
Propriedade Agrícola 117 ha - Pontal/SP,"R$ 2.464.337,50",09/11/2021,12/11/2021 13:31:00,02/10/2021 04:09:46
"aprox. 591,30 metros de tecidos de algodão em rolos","R$ 4.800,00",30/09/2021,18/10/2021 12:16:00,02/10/2021 04:09:46
"poltronas para hidratação, cadeira e sofás","R$ 300,00",23/09/2021,15/10/2021 12:02:00,02/10/2021 04:09:46
Forno Industrial de Fritas Cerâmicas,"R$ 1.350.000,00",05/11/2021,08/11/2021 10:01:00,02/10/2021 04:09:47
17 poltronas giratórias diversas,"R$ 200,00",23/09/2021,15/10/2021 11:58:00,02/10/2021 04:09:47
Filtro Mangas,"R$ 265.000,00",05/11/2021,08/11/2021 10:02:00,02/10/2021 04:09:47
monitor para raio x e 01 aparelho,"R$ 80,00",23/09/2021,15/10/2021 12:04:00,02/10/2021 04:09:47
"aprox. 478,10 metros de tecidos de algodão em rolos","R$ 3.900,00",30/09/2021,18/10/2021 12:12:00,02/10/2021 04:09:47
Casa 121 m² - Jardim Primavera - Itupeva/SP,"R$ 609.506,40",02/11/2021,05/11/2021 14:00:00,02/10/2021 04:09:47
Celular SAMSUNG GALAXY J7 PRIME,"R$ 500,00",08/11/2021,11/11/2021 09:30:00,02/10/2021 04:09:47
Veículo FORD KA,"R$ 19.307,00",05/11/2021,08/11/2021 10:00:00,02/10/2021 04:09:47
12 longarinas na cor cinza,"R$ 180,00",23/09/2021,15/10/2021 11:50:00,02/10/2021 04:09:47
21 longarinas diversas,"R$ 240,00",23/09/2021,15/10/2021 11:52:00,02/10/2021 04:09:47
Apartamento 48 m² - Itaquera - São Paulo/SP,"R$ 202.462,83",05/11/2021,08/11/2021 13:00:00,02/10/2021 04:09:47
05 longarinas com tampos plásticos,"R$ 80,00",23/09/2021,15/10/2021 12:00:00,02/10/2021 04:09:48
05 bercinhos para recém nascidos,"R$ 80,00",23/09/2021,15/10/2021 11:56:00,02/10/2021 04:09:48
Casa 2.325 m² - Recanto dos Pássaros - Itatiba/SP,"R$ 895.492,20",02/11/2021,05/11/2021 17:00:00,02/10/2021 04:09:48
07 focos de luzes para cirurgia,"R$ 180,00",23/09/2021,15/10/2021 11:54:00,02/10/2021 04:09:48
mobiliários diversos,"R$ 80,00",23/09/2021,15/10/2021 11:48:00,02/10/2021 04:09:48
"Fazenda 3,02 ha - Cabeceira da Bocaina - Guaraci/SP","R$ 20.023,11",02/11/2021,05/11/2021 14:01:00,02/10/2021 04:09:49
Terreno 301 m² - Parque Real II - Mogi Mirim/SP,"R$ 24.625,18",02/11/2021,05/11/2021 13:30:00,02/10/2021 04:09:50
Veículo VOLKSWAGEN VOYAGE CL 1.8,"R$ 1.500,00",02/11/2021,05/11/2021 12:00:00,02/10/2021 04:09:50
Casa 130 m² - Vila Ester - São José dos Campos/SP,"R$ 199.497,79",01/10/2021,05/11/2021 13:00:00,02/10/2021 04:09:50
Casa 199 m² - Parque Vicente Leporace - Franca/SP,"R$ 18.609,80",02/11/2021,05/11/2021 13:00:00,02/10/2021 04:09:50
Imóvel Comercial - Jd. Raimunda Fernandes - Pontal/SP,"R$ 794.520,20",02/11/2021,05/11/2021 13:00:00,02/10/2021 04:09:50
Motocicleta YAMAHA DT 180 Z,"R$ 1.872,00",02/11/2021,05/11/2021 11:00:00,02/10/2021 04:09:50
Veículo RENAUL TWINGO,"R$ 5.000,00",02/11/2021,05/11/2021 12:00:00,02/10/2021 04:09:50
AR CONDICIONADO PISO / TETO,"R$ 9.747,02",02/11/2021,05/11/2021 10:00:00,02/10/2021 04:09:50
Imóvel Misto 324 m² - Retiro São João - Sorocaba/SP,"R$ 462.832,78",02/11/2021,05/11/2021 13:01:00,02/10/2021 04:09:50
Terreno 250 m² - Jurucê - Jardinópolis/SP,"R$ 43.182,38",01/10/2021,05/11/2021 13:30:00,02/10/2021 04:09:51
"Fazenda de 12,10 ha - Cabeceira da Bocaina - Guaraci/SP","R$ 81.427,31",02/11/2021,05/11/2021 14:00:00,02/10/2021 04:09:51
Apartamento 215 m² - Vila Imperial - São José do Rio Preto/SP,"R$ 896.068,75",02/11/2021,05/11/2021 13:30:00,02/10/2021 04:09:51
"aprox. 296,95 metros de tecidos diversos em rolos","R$ 3.000,00",30/09/2021,18/10/2021 12:04:00,02/10/2021 04:09:51
"Gleba de Terra 113,45 ha - Distrito Industrial - Parnaíba/MS","R$ 1.798.658,88",02/11/2021,05/11/2021 13:30:00,02/10/2021 04:09:51
Apartamento 37 m² - Jardim Nova Aliança - Ribeirão Preto/SP,"R$ 168.229,64",02/11/2021,05/11/2021 13:00:00,02/10/2021 04:09:51
Veículo HYUNDAI VELOSTER,"R$ 47.570,00",02/11/2021,05/11/2021 11:00:00,02/10/2021 04:09:51
"aprox. 253,60 metros de tecidos de algodão em rolos","R$ 2.000,00",30/09/2021,18/10/2021 12:00:00,02/10/2021 04:09:51
Motocicleta HONDA NXR 150 BROS MIX KS,"R$ 3.420,00",01/10/2021,05/11/2021 10:00:00,02/10/2021 04:09:51
Motocicleta YAMAHA FAZER YS250,"R$ 5.800,00",02/11/2021,05/11/2021 11:00:00,02/10/2021 04:09:51
"aprox. 458,30 metros de tecidos de algodão em rolos","R$ 3.600,00",30/09/2021,18/10/2021 11:52:00,02/10/2021 04:09:52
"aprox. 97,05 metros de tecidos seda elastano em rolos","R$ 3.000,00",30/09/2021,18/10/2021 11:56:00,02/10/2021 04:09:52
Imóvel Misto 336 m² - Retiro São João - Sorocaba/SP,"R$ 776.091,56",02/11/2021,05/11/2021 13:00:00,02/10/2021 04:09:52
"aprox. 676,90 metros de tecidos de algodão em rolos","R$ 4.200,00",30/09/2021,18/10/2021 11:50:00,02/10/2021 04:09:52
longarinas e cadeiras,"R$ 120,00",23/09/2021,15/10/2021 11:42:00,02/10/2021 04:09:52
Veículo FIAT UNO MILLE IE,"R$ 7.341,43",02/11/2021,05/11/2021 10:00:00,02/10/2021 04:09:52
"aprox. 261,10 metros de tecidos de algodão em rolos","R$ 2.000,00",30/09/2021,18/10/2021 12:02:00,02/10/2021 04:09:52
Veículo CITROEN C3 EXCL 1.4 FLEX,"R$ 17.257,00",02/11/2021,05/11/2021 10:00:00,02/10/2021 04:09:52
aprox. 92 metros de tecidos tipo linho em rolos,"R$ 1.900,00",30/09/2021,18/10/2021 11:58:00,02/10/2021 04:09:52
"aprox. 708,80 metros de tecidos de algodão em rolos","R$ 5.500,00",30/09/2021,18/10/2021 11:54:00,02/10/2021 04:09:52
"aprox. 288,90 metros de tecidos de algodão em rolos","R$ 2.200,00",30/09/2021,18/10/2021 11:48:00,02/10/2021 04:09:52
13 poltronas para hidratação e outros,"R$ 120,00",23/09/2021,15/10/2021 11:30:00,02/10/2021 04:09:53
pia com 02 cubas,"R$ 80,00",23/09/2021,15/10/2021 11:40:00,02/10/2021 04:09:53
16 longarinas com tampos azuis,"R$ 200,00",23/09/2021,15/10/2021 11:36:00,02/10/2021 04:09:53
03 longarinas na cor vermelha,"R$ 80,00",23/09/2021,15/10/2021 11:24:00,02/10/2021 04:09:53
sucata ferrosa mista,"R$ 200,00",23/09/2021,15/10/2021 11:38:00,02/10/2021 04:09:53
11 longarinas diversas,"R$ 120,00",23/09/2021,15/10/2021 11:34:00,02/10/2021 04:09:53
19 cadeiras diversas,"R$ 180,00",23/09/2021,15/10/2021 11:32:00,02/10/2021 04:09:53
17 poltronas para hidratação,"R$ 150,00",23/09/2021,15/10/2021 11:28:00,02/10/2021 04:09:53
06 longarinas diversas,"R$ 100,00",23/09/2021,15/10/2021 11:26:00,02/10/2021 04:09:54
11 longarinas diversas,"R$ 120,00",23/09/2021,15/10/2021 11:12:00,02/10/2021 04:09:54
15 longarinas diversas,"R$ 180,00",23/09/2021,15/10/2021 11:10:00,02/10/2021 04:09:55
Veículo MERCEDES BENZ CLASSE A 190,"R$ 5.450,00",27/09/2021,03/11/2021 11:00:00,02/10/2021 04:09:55
Veículo MERCEDES BENZ L1113,"R$ 21.000,00",27/09/2021,04/11/2021 09:31:00,02/10/2021 04:09:55
Veículo CHEVROLET ASTRA GLS,"R$ 9.000,00",27/09/2021,04/11/2021 09:30:00,02/10/2021 04:09:55
Motocicleta HONDA BIZ C100 MAIS,"R$ 2.520,00",27/09/2021,04/11/2021 10:00:00,02/10/2021 04:09:55
18 longarinas diversas e outros,"R$ 220,00",23/09/2021,15/10/2021 11:16:00,02/10/2021 04:09:55
03 longarinas na cor cinza,"R$ 80,00",23/09/2021,15/10/2021 11:14:00,02/10/2021 04:09:55
Casa 69 m² - Centro - Paulo de Faria/SP,"R$ 106.545,08",26/10/2021,29/10/2021 13:30:00,02/10/2021 04:09:55
Veículo CHEVROLET ZAFIRA,"R$ 23.500,00",29/10/2021,01/11/2021 11:00:00,02/10/2021 04:09:55
Casa 633 m² - Parque Portugal - Valinhos/SP,"R$ 569.594,44",30/10/2021,02/11/2021 13:30:00,02/10/2021 04:09:56
Prédio Residencial 108 m² - Vila Jardim Pinheiro - Jacareí/SP,"R$ 254.406,38",29/10/2021,01/11/2021 13:30:00,02/10/2021 04:09:56
Veículo VOLKSWAGEN VOYAGE,"R$ 13.800,00",27/09/2021,03/11/2021 10:00:00,02/10/2021 04:09:56
Veículo AUDI A4 1.8T,"R$ 32.429,00",01/11/2021,04/11/2021 10:00:00,02/10/2021 04:09:56
Casa 242 m² - Parque Industrial - São José do Rio Preto/SP,"R$ 179.333,06",26/10/2021,29/10/2021 13:30:00,02/10/2021 04:09:56
aprox. 29 poltronas para hidratação,"R$ 180,00",23/09/2021,15/10/2021 11:08:00,02/10/2021 04:09:56
Veículo VOLKSWAGEN GOL 16V,"R$ 7.508,00",29/10/2021,01/11/2021 09:30:00,02/10/2021 04:09:56
"aprox. 648,10 metros de tecidos poliéster em rolos","R$ 3.600,00",30/09/2021,18/10/2021 11:42:00,02/10/2021 04:09:56
"aprox. 386,05 metros de tecidos viscose em rolos","R$ 3.900,00",30/09/2021,18/10/2021 11:40:00,02/10/2021 04:09:56
4 Colchões Magnéticos,"R$ 10.200,00",27/09/2021,03/11/2021 12:00:00,02/10/2021 04:09:56
aprox. 40 cadeiras diversas,"R$ 280,00",23/09/2021,15/10/2021 11:06:00,02/10/2021 04:09:57
15 longarinas diversas,"R$ 180,00",23/09/2021,15/10/2021 11:02:00,02/10/2021 04:09:57
"aprox. 238,60 metros de tecidos diversos em rolos","R$ 2.200,00",30/09/2021,18/10/2021 11:36:00,02/10/2021 04:09:57
Imóvel Comercial 115 m² - Bosque - Campinas/SP,"R$ 318.911,28",26/10/2021,29/10/2021 14:00:00,02/10/2021 04:09:57
"aprox. 340,18 metros de tecidos diversos em rolos","R$ 4.000,00",30/09/2021,18/10/2021 11:38:00,02/10/2021 04:09:57
"aprox. 272,10 metros de tecidos de algodão em rolos","R$ 2.000,00",30/09/2021,18/10/2021 11:26:00,02/10/2021 04:09:57
longarinas e poltrona,"R$ 130,00",23/09/2021,15/10/2021 11:00:00,02/10/2021 04:09:57
"aprox. 235,40 metros de tecidos de algodão em rolos","R$ 1.450,00",30/09/2021,18/10/2021 11:24:00,02/10/2021 04:09:57
"aprox. 252,00 metros de tecidos de algodão em rolos","R$ 1.600,00",30/09/2021,18/10/2021 11:30:00,02/10/2021 04:09:57
"aprox. 186,40 metros de tecidos diversos em rolos","R$ 2.000,00",30/09/2021,18/10/2021 11:34:00,02/10/2021 04:09:57
"aprox. 108,90  metros de tecidos de seda em rolos","R$ 2.200,00",30/09/2021,18/10/2021 11:32:00,02/10/2021 04:09:58
"mesinhas, escadinhas, balança e outros","R$ 120,00",23/09/2021,15/10/2021 11:04:00,02/10/2021 04:09:58
"aprox. 228,30 metros de tecidos de algodão em rolos","R$ 1.650,00",30/09/2021,18/10/2021 11:28:00,02/10/2021 04:09:58
Veículo FORD FIESTA,"R$ 9.000,00",26/10/2021,29/10/2021 10:00:00,02/10/2021 04:09:59
Veículo CHEVROLET CLASSIS LS,"R$ 13.305,60",24/09/2021,29/10/2021 10:30:00,02/10/2021 04:09:59
Veículo VOLKSWAGEN GOL SPECIAL MBA 1.0,"R$ 15.000,00",24/09/2021,29/10/2021 09:30:00,02/10/2021 04:09:59
Vaga de Garagem Nº 12 - Jardim Paulistano - Ribeirão Preto/SP,"R$ 32.623,04",25/10/2021,28/10/2021 14:00:00,02/10/2021 04:10:00
Vaga de Garagem Nº 38 - Jardim Paulistano - Ribeirão Preto/SP,"R$ 32.623,04",25/10/2021,28/10/2021 14:01:00,02/10/2021 04:10:00
Apartamento 128 m² - Centro - Sorocaba/SP,"R$ 289.485,00",22/10/2021,25/10/2021 14:15:00,02/10/2021 04:10:00
Veículo PEUGEOT 307 SW,"R$ 11.000,00",26/10/2021,29/10/2021 11:00:00,02/10/2021 04:10:00
Terreno 481 m² - Dos Ortizes - Valinhos/SP,"R$ 341.921,03",22/10/2021,25/10/2021 13:30:00,02/10/2021 04:10:00
Veículo RENAULT SANDERO EXPR 10,"R$ 28.690,00",26/10/2021,29/10/2021 11:00:00,02/10/2021 04:10:00
Apartamento 52 m² - Jardim Urano - São José do Rio Preto/SP,"R$ 97.873,64",23/09/2021,28/10/2021 14:00:00,02/10/2021 04:10:01
Veículo PEUGEOT 207 HB,"R$ 10.000,00",25/10/2021,28/10/2021 10:00:00,02/10/2021 04:10:01
Veículo BMW 320i ACTIVE,"R$ 95.000,00",24/09/2021,29/10/2021 10:00:00,02/10/2021 04:10:01
Apartamento 61 m² - Centro - Sorocaba/SP,"R$ 163.985,83",22/10/2021,25/10/2021 14:14:00,02/10/2021 04:10:01
Casa de 83 m² - Butantã - São Paulo/SP,"R$ 397.850,22",25/10/2021,28/10/2021 13:30:00,02/10/2021 04:10:01
Apartamento 44 m² - Parque Industrial - São José dos Campo/SP,"R$ 107.136,06",20/09/2021,25/10/2021 13:15:00,02/10/2021 04:10:01
Apartamento 128 m² - Centro - Sorocaba/SP,"R$ 289.485,00",22/10/2021,25/10/2021 14:13:00,02/10/2021 04:10:01
Apartamento 188 m² - Centro - Sorocaba/SP,"R$ 411.062,30",22/10/2021,25/10/2021 14:09:00,02/10/2021 04:10:01
Apartamento 121 m² - Centro - Sorocaba/SP,"R$ 276.612,34",22/10/2021,25/10/2021 14:12:00,02/10/2021 04:10:02
Apartamento 135 m² - Centro - Sorocaba/SP,"R$ 311.627,50",22/10/2021,25/10/2021 14:08:00,02/10/2021 04:10:02
Clinica 179 m² - Centro - Sorocaba/SP,"R$ 488.861,34",22/10/2021,25/10/2021 14:07:00,02/10/2021 04:10:02
Casa - Parque Industrial - São José do Rio Preto/SP,"R$ 178.871,70",23/09/2021,28/10/2021 13:00:00,02/10/2021 04:10:02
Apartamento 121 m² - Centro - Sorocaba/SP,"R$ 276.612,34",22/10/2021,25/10/2021 14:05:00,02/10/2021 04:10:02
Apartamento 48 m² - Centro - Sorocaba/SP,"R$ 158.149,97",22/10/2021,25/10/2021 14:21:00,02/10/2021 04:10:02
Apartamento 121 m² - Centro - Sorocaba/SP,"R$ 276.612,34",22/10/2021,25/10/2021 14:20:00,02/10/2021 04:10:02
Apartamento 61 m² - Centro - Sorocaba/SP,"R$ 163.985,83",22/10/2021,25/10/2021 14:19:00,02/10/2021 04:10:02
Apartamento 61 m² - Centro - Sorocaba/SP,"R$ 163.985,83",22/10/2021,25/10/2021 14:11:00,02/10/2021 04:10:02
Veículo FORD KA FLEX,"R$ 10.617,00",23/09/2021,28/10/2021 10:00:00,02/10/2021 04:10:02
Veículo VOLKSWAGEN GOL 1.0,"R$ 9.482,50",20/09/2021,28/10/2021 11:00:00,02/10/2021 04:10:03
Apartamento 128 m² - Centro - Sorocaba/SP,"R$ 289.485,00",22/10/2021,25/10/2021 14:10:00,02/10/2021 04:10:03
Garagem 264 m² - Centro - Sorocaba/SP,"R$ 647.968,30",22/10/2021,25/10/2021 14:06:00,02/10/2021 04:10:03
Prédio Residencial 2.844 m² - Centro - Sorocaba/SP,"R$ 5.388.868,00",22/10/2021,25/10/2021 14:04:00,02/10/2021 04:10:03
Apartamento 128 m² - Centro - Sorocaba/SP,"R$ 289.485,00",22/10/2021,25/10/2021 14:18:00,02/10/2021 04:10:03
Apartamento 121 m² - Centro - Sorocaba/SP,"R$ 276.612,34",22/10/2021,25/10/2021 14:17:00,02/10/2021 04:10:03
Apartamento 61 m² - Centro - Sorocaba/SP,"R$ 163.985,83",22/10/2021,25/10/2021 14:16:00,02/10/2021 04:10:03
Imóvel Comercial 130 m² - Centro - Garça/SP,"R$ 138.512,33",25/10/2021,28/10/2021 13:00:00,02/10/2021 04:10:03
"aprox. 265,65 metros de tecidos de algodão em rolos","R$ 2.000,00",30/09/2021,18/10/2021 11:12:00,02/10/2021 04:10:03
Casa - Centro - Sertãozinho/SP,"R$ 17.239,80",12/10/2021,15/10/2021 13:00:00,02/10/2021 04:10:03
"aprox. 203,60 metros de tecidos de algodão em rolos","R$ 1.500,00",30/09/2021,18/10/2021 11:22:00,02/10/2021 04:10:04
"aprox. 252,70 metros de tecidos de algodão em rolos","R$ 1.800,00",30/09/2021,18/10/2021 11:20:00,02/10/2021 04:10:04
"aprox. 246,20 metros de tecidos de algodão em rolos","R$ 1.850,00",30/09/2021,18/10/2021 11:18:00,02/10/2021 04:10:04
"aprox. 193,50 metros de tecidos de algodão em rolos","R$ 1.400,00",30/09/2021,18/10/2021 11:14:00,02/10/2021 04:10:04
"aprox. 278,60 metros de tecidos de algodão em rolos","R$ 2.200,00",30/09/2021,18/10/2021 11:16:00,02/10/2021 04:10:04
"aprox. 264,10 metros de tecidos de algodão em rolos","R$ 1.900,00",30/09/2021,18/10/2021 11:10:00,02/10/2021 04:10:04
"aprox. 234,70 metros de tecidos de algodão em rolos","R$ 1.650,00",30/09/2021,18/10/2021 11:06:00,02/10/2021 04:10:04
"aprox. 242,50 metros de tecidos de algodão em rolos","R$ 1.850,00",30/09/2021,18/10/2021 11:08:00,02/10/2021 04:10:04
"aprox. 192,10 metros de tecidos de algodão em rolos","R$ 1.500,00",30/09/2021,18/10/2021 11:04:00,02/10/2021 04:10:05
"aprox. 172,70 metros de tecidos de algodão em rolos","R$ 1.300,00",30/09/2021,18/10/2021 11:02:00,02/10/2021 04:10:05
"aprox. 143,50 metros de tecidos de algodão em rolos","R$ 1.000,00",30/09/2021,18/10/2021 11:00:00,02/10/2021 04:10:05
Veículo VOLKSWAGEN SAVEIRO 1.6,"R$ 11.400,00",20/09/2021,25/10/2021 10:00:00,02/10/2021 04:10:06
Veículo MERCEDES BENZ SPRINTER 310D FURGÃO,"R$ 13.800,00",20/09/2021,25/10/2021 10:00:00,02/10/2021 04:10:06
Veículo NISSAN VERSA 1.6 SV,"R$ 33.090,60",20/09/2021,25/10/2021 11:00:00,02/10/2021 04:10:06
Sala Comercial 35 m² - Vila Cambuí - Campinas/SP,"R$ 186.942,20",20/09/2021,25/10/2021 13:00:00,02/10/2021 04:10:06
Apartamento 71 m² - Vila Nova - Campinas/SP,"R$ 466.208,10",19/10/2021,22/10/2021 14:00:00,02/10/2021 04:10:07
Casa 76m² - Vila Albertina - Ribeirão Preto/SP,"R$ 96.854,13",18/10/2021,21/10/2021 14:00:00,02/10/2021 04:10:07
Sala Comercial 44 m² - Butantã - São Paulo/SP,"R$ 158.085,36",17/09/2021,22/10/2021 14:00:00,02/10/2021 04:10:07
Apartamento 43 m² - Centro - Ribeirão Preto/SP,"R$ 128.253,44",19/10/2021,22/10/2021 13:00:00,02/10/2021 04:10:07
Casa 329 m² - Alvorada Parque - Paulínia/SP,"R$ 540.512,57",17/09/2021,22/10/2021 13:30:00,02/10/2021 04:10:07
Veículo CHEVROLET KADETT SL EFI,"R$ 3.490,20",17/09/2021,22/10/2021 10:00:00,02/10/2021 04:10:07
Casa 286 m² - Vila Muna - São Paulo/SP,"R$ 32.236,73",17/09/2021,22/10/2021 13:00:00,02/10/2021 04:10:07
Vaga de Garagem - Chácara Itaim - São Paulo/SP,"R$ 226.353,97",17/09/2021,22/10/2021 14:00:00,02/10/2021 04:10:08
Casa 125 m² - Parque Avelino Alves Palma - Ribeirão Preto/SP,"R$ 77.466,06",19/10/2021,22/10/2021 13:30:00,02/10/2021 04:10:08
Casa 525 m² - Jardim América - Bragança Paulista/SP,"R$ 4.231.426,00",18/10/2021,21/10/2021 13:30:00,02/10/2021 04:10:08
Casa 101 m² - Jardim Guaiba II - Sorocaba/SP,"R$ 64.267,81",13/09/2021,21/10/2021 14:00:00,02/10/2021 04:10:08
Veículo TROLLER T4 XLT 3.2 DIESEL,"R$ 110.000,00",18/10/2021,21/10/2021 09:30:00,02/10/2021 04:10:08
Terreno 4.980 m² - Chácara Primavera - Araçoiaba da Serra/SP,"R$ 1.713.025,90",18/10/2021,21/10/2021 13:00:00,02/10/2021 04:10:09
Veículo Reboque Free Hobby,"R$ 2.000,00",18/10/2021,21/10/2021 11:00:00,02/10/2021 04:10:09
02 armários baixos com tampos de vidro,"R$ 180,00",23/09/2021,19/10/2021 11:22:00,02/10/2021 04:10:09
Veículo FIAT PALIO FIRE ECONOMY,"R$ 18.454,00",07/09/2021,15/10/2021 09:30:00,02/10/2021 04:10:10
Motocicleta YAMAHA YBR 125K,"R$ 2.500,00",11/10/2021,14/10/2021 12:00:00,02/10/2021 04:10:10
20 prateleiras de aço,"R$ 370,00",23/09/2021,19/10/2021 11:20:00,02/10/2021 04:10:10
Casa 95 m² - Centro - Manaus/AM,"R$ 240.241,95",11/10/2021,14/10/2021 13:00:00,02/10/2021 04:10:10
10 cadeiras giratórias diversas,"R$ 200,00",23/09/2021,19/10/2021 11:18:00,02/10/2021 04:10:10
Apartamento 219 m² - Ponta da Praia - Santos/SP,"R$ 630.218,93",30/09/2021,21/10/2021 13:00:00,02/10/2021 04:10:10
09 cadeiras giratórias diversas,"R$ 180,00",23/09/2021,19/10/2021 11:16:00,02/10/2021 04:10:10
Casa 83 m² - Ipiranga - Ribeirão Preto/SP,"R$ 104.733,38",11/10/2021,14/10/2021 14:00:00,02/10/2021 04:10:10
Casa 145 m² - Águas de São Pedro/SP,"R$ 472.553,56",11/10/2021,14/10/2021 13:00:00,02/10/2021 04:10:11
Veículo CHEVROLET CELTA LIFE 2P,"R$ 10.800,00",12/10/2021,15/10/2021 10:00:00,02/10/2021 04:10:11
Veículo VOLKSWAGEN FUSCA1300,"R$ 2.000,00",12/10/2021,15/10/2021 09:30:00,02/10/2021 04:10:11
estação de trabalho para 04 lugares,"R$ 120,00",23/09/2021,19/10/2021 11:44:00,02/10/2021 04:10:11
08 cadeiras fixas diversas,"R$ 80,00",23/09/2021,19/10/2021 11:14:00,02/10/2021 04:10:11
1 Guarda-Roupas 4 Portas,"R$ 370,18",08/09/2021,13/10/2021 11:01:00,02/10/2021 04:10:11
estação de trabalho para 03 lugares,"R$ 100,00",23/09/2021,19/10/2021 11:38:00,02/10/2021 04:10:11
1 Sofá 3 Lugares,"R$ 493,58",08/09/2021,13/10/2021 11:00:00,02/10/2021 04:10:11
02 armários de madeira,"R$ 100,00",23/09/2021,19/10/2021 11:36:00,02/10/2021 04:10:12
Veículo CHEVROLET CHEVETE,"R$ 1.900,00",07/09/2021,13/10/2021 13:00:00,02/10/2021 04:10:12
04 armários diversos,"R$ 160,00",23/09/2021,19/10/2021 11:32:00,02/10/2021 04:10:12
estação de trabalho para 02 lugares,"R$ 80,00",23/09/2021,19/10/2021 11:46:00,02/10/2021 04:10:12
lote de vídeos games e jogos antigos,"R$ 360,00",24/09/2021,14/10/2021 11:20:00,02/10/2021 04:10:12
aprox. 20 sucatas de aparelhos de celular,"R$ 360,00",24/09/2021,14/10/2021 11:22:00,02/10/2021 04:10:12
estação de trabalho para 06 lugares,"R$ 180,00",23/09/2021,19/10/2021 11:40:00,02/10/2021 04:10:12
estação de trabalho para 04 lugares,"R$ 120,00",23/09/2021,19/10/2021 12:04:00,02/10/2021 04:10:13
estação de trabalho para 04 lugares,"R$ 120,00",23/09/2021,19/10/2021 12:02:00,02/10/2021 04:10:13
estação de trabalho para 04 lugares,"R$ 120,00",23/09/2021,19/10/2021 11:42:00,02/10/2021 04:10:13
15 mesas diversas,"R$ 180,00",23/09/2021,19/10/2021 11:30:00,02/10/2021 04:10:13
02 mesas tipo aparadores,"R$ 100,00",23/09/2021,19/10/2021 11:34:00,02/10/2021 04:10:13
estação de trabalho para 10 lugares,"R$ 280,00",23/09/2021,19/10/2021 11:56:00,02/10/2021 04:10:13
estação de trabalho para 10 lugares,"R$ 280,00",23/09/2021,19/10/2021 12:00:00,02/10/2021 04:10:13
tv de lcd 43 polegadas,"R$ 350,00",24/09/2021,14/10/2021 11:30:00,02/10/2021 04:10:13
02 mesas redondas para reunião,"R$ 160,00",23/09/2021,19/10/2021 12:10:00,02/10/2021 04:10:13
07 estações de trabalho pra 02 lugares,"R$ 210,00",23/09/2021,19/10/2021 12:08:00,02/10/2021 04:10:13
estação de trabalho para 06 lugares,"R$ 180,00",23/09/2021,19/10/2021 12:34:00,02/10/2021 04:10:14
05 estações de trabalho pra 02 lugares,"R$ 150,00",23/09/2021,19/10/2021 12:06:00,02/10/2021 04:10:14
estação de trabalho para 10 lugares,"R$ 280,00",23/09/2021,19/10/2021 12:28:00,02/10/2021 04:10:14
02 estações de trabalho para 02/06 lugares,"R$ 220,00",23/09/2021,19/10/2021 12:32:00,02/10/2021 04:10:14
estação de trabalho para 10 lugares,"R$ 280,00",23/09/2021,19/10/2021 12:26:00,02/10/2021 04:10:14
06 estações de trabalho pra 02 lugares,"R$ 180,00",23/09/2021,19/10/2021 12:24:00,02/10/2021 04:10:14
estação de trabalho para 04 lugares,"R$ 120,00",23/09/2021,19/10/2021 11:58:00,02/10/2021 04:10:14
tv de plasma 42 polegadas,"R$ 200,00",24/09/2021,14/10/2021 11:28:00,02/10/2021 04:10:14
estação de trabalho para 04 lugares,"R$ 120,00",23/09/2021,19/10/2021 11:54:00,02/10/2021 04:10:14
estação de trabalho para 10 lugares,"R$ 280,00",23/09/2021,19/10/2021 12:30:00,02/10/2021 04:10:15
01 mesa redonda para reunião,"R$ 80,00",23/09/2021,19/10/2021 12:22:00,02/10/2021 04:10:15
tv de lcd 40 polegadas,"R$ 250,00",24/09/2021,14/10/2021 11:26:00,02/10/2021 04:10:15
estação de trabalho para 04 lugares,"R$ 120,00",23/09/2021,19/10/2021 11:52:00,02/10/2021 04:10:15
02 mesas redondas para reunião,"R$ 160,00",23/09/2021,19/10/2021 12:20:00,02/10/2021 04:10:15
estação de trabalho para 08 lugares,"R$ 240,00",23/09/2021,19/10/2021 11:50:00,02/10/2021 04:10:15
02 mesas redondas para reunião,"R$ 160,00",23/09/2021,19/10/2021 12:18:00,02/10/2021 04:10:15
estação de trabalho para 08 lugares,"R$ 240,00",23/09/2021,19/10/2021 11:48:00,02/10/2021 04:10:15
cpus e monitores,"R$ 200,00",24/09/2021,14/10/2021 11:16:00,02/10/2021 04:10:16
02 mesas redondas para reunião,"R$ 160,00",23/09/2021,19/10/2021 12:16:00,02/10/2021 04:10:16
02 mesas redondas para reunião,"R$ 160,00",23/09/2021,19/10/2021 12:14:00,02/10/2021 04:10:16
02 mesas redondas para reunião e 02 tampos,"R$ 200,00",23/09/2021,19/10/2021 12:12:00,02/10/2021 04:10:16
tv de lcd 32 polegadas,"R$ 200,00",24/09/2021,14/10/2021 11:24:00,02/10/2021 04:10:16
aparelho de ar portátil,"R$ 180,00",24/09/2021,14/10/2021 11:18:00,02/10/2021 04:10:16
filmadora PANASONIC,"R$ 200,00",24/09/2021,14/10/2021 11:04:00,02/10/2021 04:10:16
lote de eletro domésticos diversos,"R$ 160,00",24/09/2021,14/10/2021 11:14:00,02/10/2021 04:10:16
toca discos vintage,"R$ 260,00",24/09/2021,14/10/2021 11:12:00,02/10/2021 04:10:16
10 impressoras diversas,"R$ 200,00",24/09/2021,14/10/2021 11:06:00,02/10/2021 04:10:17
11 aparelhos de som e vídeo,"R$ 150,00",24/09/2021,14/10/2021 11:08:00,02/10/2021 04:10:17
armário tipo alto de madeira,"R$ 120,00",23/09/2021,19/10/2021 12:58:00,02/10/2021 04:10:17
18 cadeiras giratórias na cor preta,"R$ 420,00",23/09/2021,19/10/2021 12:48:00,02/10/2021 04:10:17
balcão tipo recepção de loja,"R$ 250,00",23/09/2021,19/10/2021 12:44:00,02/10/2021 04:10:17
07 monitores diversos de lcd,"R$ 210,00",24/09/2021,14/10/2021 11:10:00,02/10/2021 04:10:17
armário tipo alto de madeira,"R$ 120,00",23/09/2021,19/10/2021 12:56:00,02/10/2021 04:10:17
armário tipo alto de madeira,"R$ 120,00",23/09/2021,19/10/2021 12:52:00,02/10/2021 04:10:17
armário tipo alto de madeira,"R$ 120,00",23/09/2021,19/10/2021 12:54:00,02/10/2021 04:10:17
estação de trabalho para 06 lugares,"R$ 180,00",23/09/2021,19/10/2021 12:36:00,02/10/2021 04:10:18
armário tipo alto de madeira,"R$ 120,00",23/09/2021,19/10/2021 12:50:00,02/10/2021 04:10:18
arquivos e sucatas de cadeiras,"R$ 60,00",24/09/2021,14/10/2021 11:00:00,02/10/2021 04:10:18
03 carrinhos para transportes e 02 suportes para expositor,"R$ 80,00",23/09/2021,19/10/2021 12:46:00,02/10/2021 04:10:18
02 mesas diversas,"R$ 160,00",23/09/2021,19/10/2021 12:42:00,02/10/2021 04:10:18
"armários, gaveteiros e estantes","R$ 100,00",23/09/2021,19/10/2021 12:40:00,02/10/2021 04:10:18
estação de trabalho para 06 lugares,"R$ 180,00",23/09/2021,19/10/2021 12:38:00,02/10/2021 04:10:18
mesa de reunião tipo retangular,"R$ 150,00",23/09/2021,19/10/2021 11:28:00,02/10/2021 04:10:18
periféricos diversos para informática e outros,"R$ 240,00",24/09/2021,14/10/2021 11:02:00,02/10/2021 04:10:19
armário tipo alto de madeira,"R$ 120,00",23/09/2021,19/10/2021 13:12:00,02/10/2021 04:10:19
armário tipo alto de madeira,"R$ 120,00",23/09/2021,19/10/2021 13:10:00,02/10/2021 04:10:19
mesa móvel dobrável,"R$ 120,00",23/09/2021,19/10/2021 13:22:00,02/10/2021 04:10:19
mesa em L tipo atendimento com armário,"R$ 180,00",23/09/2021,19/10/2021 13:20:00,02/10/2021 04:10:19
armário tipo alto de madeira,"R$ 120,00",23/09/2021,19/10/2021 13:04:00,02/10/2021 04:10:19
armário tipo alto de madeira,"R$ 120,00",23/09/2021,19/10/2021 13:06:00,02/10/2021 04:10:19
02 mesas na cor branca,"R$ 100,00",23/09/2021,19/10/2021 13:44:00,02/10/2021 04:10:19
06 gaveteiros com 03 gavetas,"R$ 120,00",23/09/2021,19/10/2021 13:46:00,02/10/2021 04:10:19
mesa móvel dobrável,"R$ 120,00",23/09/2021,19/10/2021 13:42:00,02/10/2021 04:10:20
armário tipo alto de madeira,"R$ 120,00",23/09/2021,19/10/2021 13:40:00,02/10/2021 04:10:20
armário de madeira com tampo de vidro,"R$ 120,00",23/09/2021,19/10/2021 13:18:00,02/10/2021 04:10:20
armário tipo alto de madeira,"R$ 120,00",23/09/2021,19/10/2021 13:14:00,02/10/2021 04:10:20
armário de madeira com tampo de vidro,"R$ 120,00",23/09/2021,19/10/2021 13:16:00,02/10/2021 04:10:20
armário tipo alto de madeira,"R$ 120,00",23/09/2021,19/10/2021 13:08:00,02/10/2021 04:10:20
armário tipo alto de madeira,"R$ 120,00",23/09/2021,19/10/2021 13:36:00,02/10/2021 04:10:20
mesa móvel dobrável,"R$ 120,00",23/09/2021,19/10/2021 13:24:00,02/10/2021 04:10:20
armário tipo alto de madeira,"R$ 120,00",23/09/2021,19/10/2021 13:38:00,02/10/2021 04:10:20
armário tipo alto de madeira,"R$ 120,00",23/09/2021,19/10/2021 13:02:00,02/10/2021 04:10:21
armário tipo alto de madeira,"R$ 120,00",23/09/2021,19/10/2021 13:00:00,02/10/2021 04:10:21
armário e estantes,"R$ 90,00",23/09/2021,19/10/2021 13:30:00,02/10/2021 04:10:21
02 vasos de planta,"R$ 50,00",23/09/2021,19/10/2021 13:28:00,02/10/2021 04:10:21
03 armários baixos na cor branca,"R$ 100,00",23/09/2021,19/10/2021 13:26:00,02/10/2021 04:10:21
armário tipo alto de madeira,"R$ 120,00",23/09/2021,19/10/2021 13:34:00,02/10/2021 04:10:21
armário tipo alto de madeira,"R$ 120,00",23/09/2021,19/10/2021 13:32:00,02/10/2021 04:10:21
04 prateleiras de aço com tampos de madeira,"R$ 120,00",23/09/2021,19/10/2021 11:26:00,02/10/2021 04:10:21
lote de cestos de lixo diversos,"R$ 120,00",23/09/2021,19/10/2021 11:24:00,02/10/2021 04:10:21
Veículo CITROEN XSARA FLX,"R$ 4.156,80",08/09/2021,13/10/2021 10:01:00,02/10/2021 04:10:22
18 armários altos de aço,"R$ 720,00",23/09/2021,19/10/2021 11:12:00,02/10/2021 04:10:22
Veículo HONDA FIT EX,"R$ 16.599,60",08/09/2021,13/10/2021 10:00:00,02/10/2021 04:10:22
11 arquivos de aço com 04 gavetas,"R$ 220,00",23/09/2021,19/10/2021 11:10:00,02/10/2021 04:10:22
10 gaveteiros com 03 gavetas,"R$ 200,00",23/09/2021,19/10/2021 14:04:00,02/10/2021 04:10:22
10 gaveteiros com 03 gavetas,"R$ 200,00",23/09/2021,19/10/2021 14:10:00,02/10/2021 04:10:22
10 gaveteiros com 03 gavetas,"R$ 200,00",23/09/2021,19/10/2021 14:08:00,02/10/2021 04:10:22
10 gaveteiros com 03 gavetas,"R$ 200,00",23/09/2021,19/10/2021 14:06:00,02/10/2021 04:10:22
10 gaveteiros com 03 gavetas,"R$ 200,00",23/09/2021,19/10/2021 14:02:00,02/10/2021 04:10:22
10 gaveteiros com 03 gavetas,"R$ 200,00",23/09/2021,19/10/2021 13:52:00,02/10/2021 04:10:23
10 gaveteiros com 03 gavetas,"R$ 200,00",23/09/2021,19/10/2021 14:00:00,02/10/2021 04:10:23
07 gaveteiros com 03 gavetas,"R$ 140,00",23/09/2021,19/10/2021 13:48:00,02/10/2021 04:10:23
12 arquivos de aço com 04 gavetas,"R$ 280,00",23/09/2021,19/10/2021 11:08:00,02/10/2021 04:10:23
10 gaveteiros com 03 gavetas,"R$ 200,00",23/09/2021,19/10/2021 13:58:00,02/10/2021 04:10:23
10 gaveteiros com 03 gavetas,"R$ 200,00",23/09/2021,19/10/2021 13:56:00,02/10/2021 04:10:23
10 gaveteiros com 03 gavetas,"R$ 200,00",23/09/2021,19/10/2021 13:54:00,02/10/2021 04:10:23
06 gaveteiros com 03 gavetas,"R$ 120,00",23/09/2021,19/10/2021 14:29:00,02/10/2021 04:10:23
07 cadeiras fixas cromadas tipo recepção,"R$ 250,00",23/09/2021,19/10/2021 14:23:00,02/10/2021 04:10:23
08 gaveteiros com 03 gavetas,"R$ 160,00",23/09/2021,19/10/2021 13:50:00,02/10/2021 04:10:23
02 mesas redondas para reunião,"R$ 160,00",23/09/2021,19/10/2021 14:27:00,02/10/2021 04:10:24
10 gaveteiros com 03 gavetas,"R$ 200,00",23/09/2021,19/10/2021 14:31:00,02/10/2021 04:10:24
01 mesa redonda para reunião,"R$ 80,00",23/09/2021,19/10/2021 14:25:00,02/10/2021 04:10:24
10 gaveteiros com 03 gavetas,"R$ 200,00",23/09/2021,19/10/2021 14:21:00,02/10/2021 04:10:24
10 gaveteiros com 03 gavetas,"R$ 200,00",23/09/2021,19/10/2021 14:12:00,02/10/2021 04:10:24
10 gaveteiros com 03 gavetas,"R$ 200,00",23/09/2021,19/10/2021 14:19:00,02/10/2021 04:10:24
10 gaveteiros com 03 gavetas,"R$ 200,00",23/09/2021,19/10/2021 14:18:00,02/10/2021 04:10:24
10 gaveteiros com 03 gavetas,"R$ 200,00",23/09/2021,19/10/2021 14:16:00,02/10/2021 04:10:24
container móvel para lixo,"R$ 180,00",23/09/2021,19/10/2021 11:04:00,02/10/2021 04:10:24
10 gaveteiros com 03 gavetas,"R$ 200,00",23/09/2021,19/10/2021 14:14:00,02/10/2021 04:10:25
10 gaveteiros com 03 gavetas,"R$ 200,00",23/09/2021,19/10/2021 14:33:00,02/10/2021 04:10:25
container móvel para lixo,"R$ 180,00",23/09/2021,19/10/2021 11:02:00,02/10/2021 04:10:25
12 arquivos de aço com 04 gavetas,"R$ 240,00",23/09/2021,19/10/2021 11:06:00,02/10/2021 04:10:25
mesa de reunião entalhada com 15 cadeiras,"R$ 3.500,00",23/09/2021,19/10/2021 14:57:00,02/10/2021 04:10:25
10 gaveteiros com 03 gavetas,"R$ 200,00",23/09/2021,19/10/2021 14:53:00,02/10/2021 04:10:25
lote de materiais diversos para escritório,"R$ 80,00",23/09/2021,19/10/2021 11:00:00,02/10/2021 04:10:25
10 gaveteiros com 03 gavetas,"R$ 200,00",23/09/2021,19/10/2021 14:51:00,02/10/2021 04:10:25
10 gaveteiros com 03 gavetas,"R$ 200,00",23/09/2021,19/10/2021 14:47:00,02/10/2021 04:10:25
mesa de reunião com tampo de granito,"R$ 300,00",23/09/2021,19/10/2021 14:39:00,02/10/2021 04:10:26
10 gaveteiros com 03 gavetas,"R$ 200,00",23/09/2021,19/10/2021 14:49:00,02/10/2021 04:10:26
08 gaveteiros com 03 gavetas na cor bege,"R$ 80,00",23/09/2021,19/10/2021 14:55:00,02/10/2021 04:10:26
10 gaveteiros com 03 gavetas,"R$ 200,00",23/09/2021,19/10/2021 14:45:00,02/10/2021 04:10:26
lote de porta copos e papéis,"R$ 80,00",23/09/2021,19/10/2021 14:41:00,02/10/2021 04:10:26
10 gaveteiros com 03 gavetas,"R$ 200,00",23/09/2021,19/10/2021 14:37:00,02/10/2021 04:10:26
10 gaveteiros com 03 gavetas,"R$ 200,00",23/09/2021,19/10/2021 14:35:00,02/10/2021 04:10:26
10 gaveteiros com 03 gavetas,"R$ 200,00",23/09/2021,19/10/2021 14:43:00,02/10/2021 04:10:27
Prédio Comercial 178 m² - Jardim América - Indaiatuba/SP,"R$ 1.409.168,63",08/10/2021,11/10/2021 13:30:00,02/10/2021 04:10:27
expositores aramados na cor branca,"R$ 100,00",23/09/2021,19/10/2021 15:05:00,02/10/2021 04:10:27
frigobar marca cônsul,"R$ 180,00",23/09/2021,19/10/2021 15:01:00,02/10/2021 04:10:27
geladeira doméstica marca cônsul,"R$ 250,00",23/09/2021,19/10/2021 15:03:00,02/10/2021 04:10:27
máquina para lavagem de carpetes jacto,"R$ 1.500,00",23/09/2021,19/10/2021 15:09:00,02/10/2021 04:10:28
Terreno 348 m² - Jardim Diamante - Sertãozinho/SP,"R$ 70.475,59",08/10/2021,11/10/2021 14:00:00,02/10/2021 04:10:28
Apartamento 139 m² - Mooca - São Paulo/SP,"R$ 263.898,86",06/09/2021,11/10/2021 14:00:00,02/10/2021 04:10:28
Veículo FIAT UNO MILLE ECONOMY,"R$ 3.600,00",06/09/2021,11/10/2021 10:00:00,02/10/2021 04:10:28
Apartamento 180 m² - Cidade Dutra - São Paulo/SP,"R$ 949.417,60",08/10/2021,11/10/2021 13:15:00,02/10/2021 04:10:28
Apartamento 879 m² - Morumbi - São Paulo/SP,"R$ 1.408.594,00",03/09/2021,11/10/2021 13:00:00,02/10/2021 04:10:28
02 armários baixos com 02 portas,"R$ 80,00",23/09/2021,19/10/2021 15:07:00,02/10/2021 04:10:28
maca para ambulatório,"R$ 100,00",23/09/2021,19/10/2021 14:59:00,02/10/2021 04:10:28
Apartamento 45 m² - Itaquera - São Paulo/SP,"R$ 216.463,63",08/10/2021,11/10/2021 13:00:00,02/10/2021 04:10:29
Veículo VOLKSWAGEN FOX,"R$ 18.435,19",08/10/2021,11/10/2021 10:00:00,02/10/2021 04:10:29
Motocicleta DAFRA RIVA 150,"R$ 3.688,00",01/10/2021,04/10/2021 12:00:00,02/10/2021 04:10:29
Terreno 1.232 m² - Parque São Bento - Itapetininga/SP,"R$ 482.052,88",05/10/2021,08/10/2021 14:00:00,02/10/2021 04:10:29
Motocicleta HONDA CG 125 FAN KS,"R$ 5.566,00",08/10/2021,11/10/2021 09:30:00,02/10/2021 04:10:29
Imóvel Comercial 1.195 m² - Jardim Universal -  Araraquara/SP,"R$ 572.925,80",05/10/2021,08/10/2021 13:30:00,02/10/2021 04:10:29
Terreno 360 m² - Bom Retiro - Bragança Paulista/SP,"R$ 181.836,00",05/10/2021,08/10/2021 14:00:00,02/10/2021 04:10:29
Veículo FORD CORCEL LUXO SL,"R$ 3.000,00",01/10/2021,04/10/2021 10:00:00,02/10/2021 04:10:29
Motocicleta KASINSKI CRUISE 125,"R$ 1.626,00",06/09/2021,11/10/2021 11:00:00,02/10/2021 04:10:30
1 TV 50” - Marca Philco,"R$ 900,00",30/08/2021,04/10/2021 10:02:00,02/10/2021 04:10:30
01 TV de Led 42” - Marca Samsung,"R$ 400,00",30/08/2021,04/10/2021 10:03:00,02/10/2021 04:10:30
02 Poltronas Giratórias - Cor Bege,"R$ 500,00",30/08/2021,04/10/2021 10:01:00,02/10/2021 04:10:30
01 Sofá de 2 Lugares - Cor Bege,"R$ 300,00",30/08/2021,04/10/2021 10:00:00,02/10/2021 04:10:30
